,A,B,C,D
2000-01-01,-0.79687614524,1.17500144636,-1.35544883397,-1.56141278638
2000-01-02,-1.71642140527,-0.350979215273,-0.209574161657,-1.36049565293
2000-01-03,-1.1485931055,-0.340423425511,0.167630554688,-0.196145290256
2000-01-04,-2.74595821345,0.612258414211,1.0974155149,-0.337953036311
2000-01-05,-1.783435344,0.457897461284,1.04024825884,-0.492545157463
2000-01-06,-1.65367790606,1.29136002643,2.20121578495,0.0850535141026
2000-01-07,-2.49588939772,1.10779727069,2.64682876634,1.28459101748
2000-01-08,-1.67622290544,1.82655965102,2.42995839322,2.43889838533
2000-01-09,-3.63311877524,1.80453397559,2.79829153806,2.66462968744
2000-01-10,-3.71794741179,1.96575228001,3.65158386691,4.54609488949
2000-01-11,-3.75793206653,0.987706191944,2.52881669958,4.21954485515
2000-01-12,-3.9756484374,1.32901589593,2.22307641555,4.82113033036
2000-01-13,-4.50496937187,2.74064774188,2.82852965438,5.7499399691
2000-01-14,-4.15381543068,1.96698383607,1.05973855047,6.08891618613
2000-01-15,-4.61302997477,1.80032318365,-0.148449991229,6.42576243445
2000-01-16,-3.55218382023,0.568316210028,0.481615933071,7.89668570422
2000-01-17,-2.01502632834,3.01590043308,-0.111556478682,8.08520200678
2000-01-18,-2.8703276459,3.35773184313,1.24739061361,8.76148820699
2000-01-19,-2.15548225638,2.96678264153,1.89934642719,9.50396836748
2000-01-20,-0.983030916354,2.84685915338,1.18100958328,8.25694109044
2000-01-21,-0.525400981275,3.09433110555,0.58579289569,8.8414275183
2000-01-22,-0.366645600121,4.18246318792,2.01298459888,8.06668270543
2000-01-23,-0.542193099,5.07128729678,2.18927989749,9.21411029824
2000-01-24,-0.676020370883,5.61749626733,2.74590294396,11.0646730682
2000-01-25,-2.51561115021,5.07695972907,2.01490031844,12.8805519456
2000-01-26,-2.12219884465,4.51891732888,2.23651295585,11.7737918892
2000-01-27,-0.268181913156,4.42898481904,2.57597945054,11.5140526342
2000-01-28,1.26096545225,4.0082639862,3.5750460858,10.5460040799
2000-01-29,1.68825900902,5.63049679316,2.49040321128,10.6229056787
2000-01-30,0.0825349285788,6.11693440795,1.91380776152,9.77749643388
2000-01-31,-0.773198348114,6.57867398531,2.12450913639,10.1596048819
2000-02-01,-0.738414900723,8.88237755767,1.59803874306,9.33971971159
2000-02-02,0.12852353125,9.67957742658,2.22832238692,10.6493064334
2000-02-03,-0.0796469441007,10.3060370182,2.71094515374,11.1981098037
2000-02-04,1.10779208969,12.0572860972,1.65575103828,12.9464125929
2000-02-05,2.82821712339,12.321664128,1.34596658863,13.3034985781
2000-02-06,3.58931180456,13.9383114138,3.71897608604,13.9128896831
2000-02-07,3.15675851868,14.5995962799,3.37447541282,14.7101620013
2000-02-08,2.64851134758,14.9990687656,4.61366934071,15.2298090432
2000-02-09,1.57768329666,14.5844250977,4.53123774215,17.179552309
2000-02-10,2.12747863605,13.5959924253,4.53500784109,17.5324026677
2000-02-11,3.28124385705,13.9470133584,5.16176782251,17.6964422666
2000-02-12,2.69644386936,13.3607884713,3.24650311439,17.0598547033
2000-02-13,-0.163308060083,12.1540875596,4.56969064157,15.8641122948
2000-02-14,-0.676360194529,14.8445474309,3.62025896609,16.726609854
2000-02-15,-1.75238975846,16.3426916643,1.7115869222,16.843585797
2000-02-16,-2.54758148997,17.0929011097,3.43452848958,17.8913845724
2000-02-17,-2.55749848078,18.3695843375,3.67771910663,18.6547238294
2000-02-18,-1.8782393466,19.5547118597,3.42070965832,19.7175124353
2000-02-19,-1.18085577355,19.8480997829,4.29078814719,20.2129564073
2000-02-20,1.06490308476,19.5862403809,5.05434928689,19.1266575671
2000-02-21,1.30063205202,19.8654521191,4.76940667195,19.0039532213
2000-02-22,-0.342863109238,20.0949200518,6.04323869673,21.2816847085
2000-02-23,0.0997947160866,20.0929435269,6.61385973049,21.6937778186
2000-02-24,0.748680506508,20.6974121446,7.91256214139,21.2655615103
2000-02-25,2.62305217116,19.7057849264,7.57532640298,23.7094504857
2000-02-26,4.59807907859,20.7653247305,6.67802014834,24.2685026945
2000-02-27,4.81622566483,21.3166688444,5.59897625617,26.6153795438
2000-02-28,3.61129409695,21.6500548414,4.93335205792,26.9644237267
2000-02-29,2.22994249459,20.4373766239,5.92727692076,28.766849371
2000-03-01,3.13073409301,20.3553941479,6.86767165926,29.1993057953
2000-03-02,3.33532063234,20.2707407675,6.83536159394,27.741846938
2000-03-03,3.31567021604,19.9238940303,7.73593037016,28.6708026772
2000-03-04,3.38520293771,16.5755479809,5.84832454849,29.3786627402
2000-03-05,1.86719796681,16.928449879,6.08885596357,28.938807436
2000-03-06,2.90777176159,17.1741755723,5.90611765524,28.1872031046
2000-03-07,2.97153766942,16.5359392381,7.53797641867,29.656622444
2000-03-08,2.51852883076,15.0640897189,7.77861383928,27.3232252324
2000-03-09,3.65219106071,16.7531067149,7.29801942147,27.9150649865
2000-03-10,5.12287990878,16.4592086873,7.31744393774,27.1731743375
2000-03-11,4.518228701,16.2269246871,7.46263095611,27.3689316845
2000-03-12,6.24324955982,16.4046422121,6.79808050249,27.7252701585
2000-03-13,6.94539222001,16.5580059882,6.37488323033,27.4328865288
2000-03-14,6.41626152019,17.1439848607,6.0894530993,28.0677917607
2000-03-15,6.15617429751,18.8220967141,4.3680973832,30.1475279641
2000-03-16,6.23306885327,18.8471153295,4.26537550036,31.2110496838
2000-03-17,7.40083778994,17.9715819955,4.66127857846,30.8744569256
2000-03-18,7.96308726628,17.5235238593,4.86802604144,28.9452204312
2000-03-19,7.58397674929,16.6609130048,6.5881015337,28.1100114866
2000-03-20,5.01017981679,15.770844951,6.83539862425,27.4721384123
2000-03-21,5.21444343452,15.3443955165,5.48911508905,27.395474392
2000-03-22,5.17232938869,15.6130502785,6.02025858036,28.6517837546
2000-03-23,7.28126901132,14.3321686779,5.81545321076,28.1760014611
2000-03-24,8.68565070002,13.5913866623,5.80122871804,28.9201977188
2000-03-25,9.6280110515,12.0609427919,4.983801142,27.8974715264
2000-03-26,9.98164875024,12.0232049593,5.31003872906,26.9060416863
2000-03-27,10.4306760975,12.8055681184,6.11037616767,25.9022130854
2000-03-28,10.9375940706,13.4726286509,6.43527234379,23.6670656216
2000-03-29,11.3385693761,13.752859575,6.05018512492,22.4857459451
2000-03-30,11.7176439891,13.2222248795,7.31584406719,21.3579209718
2000-03-31,11.8378617788,14.8498509478,6.61320390438,22.1755809734
2000-04-01,10.7109645587,11.8330149863,7.01677324303,20.9652508629
2000-04-02,9.48076527823,11.7264789831,5.81948485167,20.1665182209
2000-04-03,9.07197738656,11.481682646,4.31834264117,20.1090851176
2000-04-04,9.42890571815,10.620412799,4.435696263,19.9677332718
2000-04-05,8.64920660376,10.5466029318,5.26453947644,18.7414414285
2000-04-06,8.46196622298,9.02017355824,5.51126898493,19.4412760635
2000-04-07,9.63708353376,9.16200943409,5.73443896944,18.4614708528
2000-04-08,10.4111666415,10.5119678612,5.7798359427,17.8400477953
2000-04-09,8.81077951257,10.8150333879,6.29409625581,19.3944626927
2000-04-10,9.3651558825,11.3595696634,6.31836852042,20.3880561572
2000-04-11,10.0111320029,11.207935524,5.48137094799,20.051013997
2000-04-12,11.0354233694,9.91772665434,5.65259865198,19.2568926843
2000-04-13,10.7358508941,9.67780576721,5.2572949541,20.5530475794
2000-04-14,10.2006407376,9.10679608838,5.11150816578,20.9115214718
2000-04-15,10.0578547442,9.06332093893,5.20019157877,20.2750838196
2000-04-16,9.64752565677,9.22107446731,3.70386074907,20.0722132526
2000-04-17,9.20667674091,7.63055577398,3.34624264561,20.9633716973
2000-04-18,12.3258943627,7.76166071053,3.09903610833,22.1275890149
2000-04-19,11.3526493323,8.95767027212,3.00119592561,21.195220037
2000-04-20,11.0524941696,8.48780307196,3.63791166116,20.3777948835
2000-04-21,11.3321987603,7.97047447437,4.38638622316,20.2558333636
2000-04-22,10.9187953648,7.85107317089,5.26740217956,22.3950764939
2000-04-23,10.436082855,7.28044504063,5.86960124302,24.6482888803
2000-04-24,10.2823540888,7.94946059233,5.86153405121,25.3641081659
2000-04-25,10.8108586511,7.42180817428,6.08702010736,24.638253723
2000-04-26,8.97875065022,6.94230131708,5.84300551806,23.7602816938
2000-04-27,7.73313069757,6.883236238,6.89291457287,23.2992938139
2000-04-28,8.58099068449,8.31221908785,6.8139144356,23.6328178656
2000-04-29,6.00957812388,10.2236808542,5.61808042991,24.8517043175
2000-04-30,4.55658761344,9.64934980855,5.64897479834,24.9017078334
2000-05-01,3.08962635466,10.1960137339,7.85152017057,24.6543996375
2000-05-02,1.81776492541,9.88766231136,7.26892929862,24.162628664
2000-05-03,1.74308893519,9.77914630832,8.98721677278,22.1425018602
2000-05-04,3.54866418637,9.94736149951,8.70351989722,22.1318462768
2000-05-05,2.57311395534,9.24310569492,7.93819600946,21.810289843
2000-05-06,0.746568776984,10.3873432063,6.43196954499,22.9168700005
2000-05-07,0.32178649133,10.4529581948,8.26011998398,23.1255339062
2000-05-08,0.0416915696384,9.88946799581,6.98999196617,25.3227283618
2000-05-09,-0.415646012152,9.43966971673,5.62809974314,23.763993083
2000-05-10,-1.40110968878,9.56155111734,6.16884262386,24.0756130852
2000-05-11,-0.37978978274,10.8660212434,6.86820970012,23.9289166113
2000-05-12,-1.32047282743,11.2632470023,5.45432450043,24.2636931464
2000-05-13,-1.25341862558,10.5439077519,5.68784859576,25.8914804849
2000-05-14,-2.4544659527,10.3247876355,5.42331824554,27.8913107203
2000-05-15,-2.39876361413,10.1285539159,5.78250341876,26.979988997
2000-05-16,-1.34237302186,12.2771661374,5.77781567698,27.152255163
2000-05-17,-0.34712829082,11.8486263598,4.86325559902,28.3185364436
2000-05-18,-1.74672589573,11.5614030937,3.898280887,28.4273927369
2000-05-19,-2.50584222322,12.3488915224,3.58739726743,29.8586751678
2000-05-20,-1.54030843168,12.140240744,3.38566081821,29.6837658895
2000-05-21,-0.730433806546,12.5279606643,2.56515255672,28.5025344495
2000-05-22,-2.17607765037,11.6636273274,1.68652215569,26.6879029126
2000-05-23,-1.06151385989,12.0167011152,3.65104341879,27.342939993
2000-05-24,-0.250014012524,13.5008732824,2.03633957153,27.9427384484
2000-05-25,-1.44350352305,13.1987485823,1.17619163378,27.4411780295
2000-05-26,0.241697987591,13.4167521289,1.58041502414,26.2431946509
2000-05-27,2.45985588761,11.6544774418,1.6736942427,27.4790839204
2000-05-28,3.97231297239,11.6091157617,1.65818707135,25.4549508586
2000-05-29,3.29976011097,10.4821878065,-0.0115798550842,26.202134585
2000-05-30,2.27877233586,10.560224664,0.116146468882,25.7927281785
2000-05-31,1.06547520113,10.2797815179,0.340163684182,25.832649172
2000-06-01,1.95333401447,10.7384612886,0.776941456387,25.3973068742
2000-06-02,2.48719185101,10.170672263,0.746523263034,24.7474423615
2000-06-03,3.90371062336,8.86693341589,-0.258205313512,25.6999877633
2000-06-04,3.60900065153,7.29804681382,1.17981068709,25.6349711088
2000-06-05,2.83377710462,7.1912016003,0.157586223197,26.0720456669
2000-06-06,2.68097933198,6.66143498793,-0.322985745698,23.2614129067
2000-06-07,2.21638752068,5.62373333323,-0.189303356372,23.676508635
2000-06-08,2.41071969318,7.03714773783,-1.0058428081,24.9401722262
2000-06-09,2.54887219463,7.04358692347,-1.56387608901,24.2174063881
2000-06-10,2.35322935585,7.79975511301,-1.99242345917,23.6116637242
2000-06-11,1.64594870635,8.06961656895,-2.29380646511,23.7063182097
2000-06-12,1.86442572528,8.45187492404,-3.14649360644,24.2281358921
2000-06-13,1.98145172178,9.30525850864,-3.4725510416,25.8941898495
2000-06-14,2.82031078468,10.005534296,-4.67933225012,25.8438469285
2000-06-15,3.66923530399,12.0708078639,-5.18151788254,23.7233334861
2000-06-16,2.85084454601,10.5717663908,-4.59124903029,23.7642781284
2000-06-17,2.77964070025,11.0873057525,-2.83665713408,24.5510466542
2000-06-18,2.9134797745,10.6588101698,-1.5702211742,23.6375113058
2000-06-19,3.83339612728,10.1207105685,-1.82599742096,23.8187791724
2000-06-20,3.2066149407,10.9623111575,-1.05736442284,22.5694633044
2000-06-21,2.49692484014,10.8900246439,-1.63761654954,24.1776657795
2000-06-22,2.70676826923,10.8153156514,-1.52088266872,22.5857711507
2000-06-23,2.37658081469,11.2338917623,-1.61981206089,21.5218592119
2000-06-24,4.30884342656,11.5317381491,-3.31169762678,21.278744325
2000-06-25,4.5576496707,10.826800833,-3.25558977947,22.1779152731
2000-06-26,3.8261667675,11.4799136092,-5.81579565264,21.2738433001
2000-06-27,3.81824463841,11.4190098224,-5.25755839793,21.3149963645
2000-06-28,3.97435940724,9.67160989191,-6.51293609263,23.1949408367
2000-06-29,5.48203098674,10.4730004704,-8.21631512433,23.9686819148
2000-06-30,7.41399145203,9.27766068466,-8.50098592399,25.3989774782
2000-07-01,8.35381649909,10.1355261324,-7.92645667392,25.8336541341
2000-07-02,11.133357351,10.6376004119,-9.61650569484,25.8303027392
2000-07-03,10.9413252122,10.664224197,-10.534650702,24.954396422
2000-07-04,11.0029264979,12.2820069373,-10.5980268493,24.2616165124
2000-07-05,13.003216282,13.7713054466,-10.2408649822,25.3168565027
2000-07-06,14.0542963182,14.1108609129,-8.94645752149,23.3466976964
2000-07-07,13.6758965917,16.4293865826,-9.06226151812,21.5294105427
2000-07-08,12.4382496539,16.6086818225,-9.35081688782,21.6664998451
2000-07-09,10.3184521253,17.9272872201,-9.09914778497,21.864156543
2000-07-10,11.7379405878,17.6649805764,-8.35547045749,21.0577498154
2000-07-11,11.7723695885,18.4578408084,-7.39785892985,22.8805139277
2000-07-12,11.350058789,18.264765801,-6.95505992442,24.9927699408
2000-07-13,11.2602807073,16.8364897527,-5.96894858742,24.4068625211
2000-07-14,11.1830501695,19.1122730025,-6.23554055843,22.9479371664
2000-07-15,11.0948720048,18.3622930663,-6.91597391493,22.6177506417
2000-07-16,10.3996331968,18.3052358993,-6.89623441761,21.9467597195
2000-07-17,10.2269457873,18.072412623,-5.50585696535,23.7314028276
2000-07-18,11.286565872,18.7098509804,-4.31243490058,23.3227824636
2000-07-19,9.91414327149,18.3306325859,-4.98811542055,22.683965009
2000-07-20,10.5319061012,18.0670560033,-6.34319601001,22.7411463487
2000-07-21,9.22352612368,17.0080832062,-7.09713469491,23.1684281901
2000-07-22,8.40979066936,18.4313266703,-5.31428452215,21.1189138437
2000-07-23,8.59833010903,16.5143276823,-6.1550178076,19.9076935062
2000-07-24,9.06406732159,16.2220392851,-4.93334502678,19.8851304886
2000-07-25,9.00195228642,14.9627253468,-5.00003584111,20.5840698091
2000-07-26,10.0804739346,15.5317305843,-3.46999352362,20.7001333549
2000-07-27,11.0642635456,16.4654197657,-5.13010365846,20.1175804814
2000-07-28,11.1813266171,18.1950673851,-5.59113428094,18.8689819593
2000-07-29,11.3518261386,18.4327409634,-5.76516231043,17.2917162717
2000-07-30,11.7118559188,17.6415816024,-5.87245081702,17.1289954229
2000-07-31,12.0085265309,16.1724048339,-6.0575191187,16.0709463426
2000-08-01,11.6038360867,16.5605863426,-6.16520781249,17.3711200458
2000-08-02,12.6941722258,15.9081771198,-6.35859045081,16.6768385645
2000-08-03,11.8269476446,16.4692887237,-4.96516278996,15.8891102586
2000-08-04,13.5437959197,15.6524516075,-4.9700653303,15.7496200365
2000-08-05,14.0879924559,15.8267301029,-3.52871225662,15.806815277
2000-08-06,14.7228296037,15.5876184777,-1.47388875828,14.7756908115
2000-08-07,14.6478255725,17.2317946535,-3.77776878483,14.1490281208
2000-08-08,13.8037711412,15.3283163536,-4.61478074948,13.174411587
2000-08-09,15.3670422903,15.9781090428,-3.93507145019,13.2594352545
2000-08-10,14.4111120994,16.0715701227,-6.43458950945,12.883103532
2000-08-11,14.8918210448,15.1108530218,-7.57368242202,13.3119328252
2000-08-12,16.5916105317,17.0886289043,-9.63614760773,14.7349342492
2000-08-13,15.4321477784,16.5854914371,-9.87038156874,17.8112686729
2000-08-14,15.7236421759,16.8605239291,-11.288324832,19.5304659347
2000-08-15,16.0950731697,18.8023013487,-12.7727768011,19.0066555213
2000-08-16,16.3972682652,18.8488940422,-13.9954869168,17.8602309581
2000-08-17,15.190716796,17.9996435953,-13.1777464952,19.0999661094
2000-08-18,14.2709147056,19.7690989152,-12.6199735887,19.3291487964
2000-08-19,13.0519914702,20.7687671989,-14.3640452442,19.6263520519
2000-08-20,12.5974464655,20.707125764,-14.7913498058,19.4429260709
2000-08-21,13.0302830758,21.2221605378,-15.8016328841,18.7487870628
2000-08-22,12.1812600145,20.8872425454,-17.7007688139,18.9493858976
2000-08-23,13.3517759808,21.815746283,-18.3510023769,20.0143486121
2000-08-24,13.5797444927,20.7401013562,-17.7177506762,18.220278978
2000-08-25,13.8078897551,19.6528717887,-19.1363327003,19.7792979386
2000-08-26,15.6735101807,20.7803000424,-19.1552261256,20.2938559309
2000-08-27,15.1840077173,21.2897084554,-19.7008687649,19.5663729137
2000-08-28,14.2982943583,18.574245282,-19.5435193212,21.2467025377
2000-08-29,14.0797354525,15.8011001072,-18.4867203935,20.9566666574
2000-08-30,14.3483160182,14.2650881411,-19.8721499627,19.2381349367
2000-08-31,16.5923473105,15.3877085477,-20.1934450568,19.535783826
2000-09-01,17.2799757464,14.3398945648,-21.2555744906,18.4243433221
2000-09-02,18.9953469693,14.1259552256,-19.8459828529,18.0698933368
2000-09-03,18.7267432304,15.8069433748,-21.0980182167,19.2584343062
2000-09-04,18.0011314836,15.372099408,-20.2775452704,19.0862250275
2000-09-05,18.0079434662,16.5897715843,-20.0668401975,16.7383089147
2000-09-06,17.7933475576,16.4047076224,-20.9759911668,17.2928194684
2000-09-07,18.2957545335,15.0625593309,-21.1435065037,19.0807628563
2000-09-08,17.0716719198,15.1803050939,-21.9564158393,20.8897667411
2000-09-09,17.0363438788,13.969495957,-22.9520953895,21.1858770253
2000-09-10,19.2622418304,14.5582669184,-24.0045019057,19.9080172198
2000-09-11,18.0920091396,12.631892983,-24.7675124853,19.5974021612
2000-09-12,16.93945197,13.3513539871,-23.3777330224,19.3540614634
2000-09-13,17.6460168731,14.9191111383,-23.6721077139,20.8400188466
2000-09-14,17.0270639603,13.2538554646,-24.5749783306,21.266547689
2000-09-15,15.8779131756,12.8900367459,-24.0689200203,21.5364293364
2000-09-16,16.4744399666,12.8870764742,-25.2811597095,22.8932475209
2000-09-17,16.6628745399,12.9217764772,-25.436650087,21.5437361863
2000-09-18,16.9681952726,13.3393628819,-26.148016894,21.9682255486
2000-09-19,18.6250538482,12.387462066,-26.1238915714,22.1622254075
2000-09-20,18.2592043029,11.7709412606,-24.9679657553,23.0360349735
2000-09-21,17.710862027,9.03741904728,-23.1227982215,22.7970899961
2000-09-22,17.3926924136,9.99735746884,-23.4667648853,20.3293410768
2000-09-23,17.4121862914,9.81525643464,-22.2754379697,19.25375121
2000-09-24,18.2120436833,9.09661303267,-22.8703045525,18.0691471007
2000-09-25,18.8176471333,8.88906972205,-22.4486307441,17.7014367407
2000-09-26,20.328231839,10.3939647927,-24.2879986123,18.6641592103
2000-09-27,21.0262632924,11.856379376,-25.2922860472,20.120080785
2000-09-28,19.7569839236,11.1545511863,-24.9245765813,21.0151774746
2000-09-29,19.6949585876,11.9419528471,-26.7796851143,20.0245017944
2000-09-30,20.0717978491,11.6132104695,-25.7198328878,21.9319150061
2000-10-01,18.3840060894,12.8648609376,-25.8690407627,20.4692312752
2000-10-02,19.0743319731,13.3103488963,-26.9607125226,21.0284911733
2000-10-03,17.9230997173,13.3264837865,-27.5833427057,21.5874368506
2000-10-04,17.3908272223,14.0369492254,-28.2226671286,19.5941352195
2000-10-05,16.5666533452,12.5473495455,-28.4055954978,19.7254870753
2000-10-06,16.5725386545,11.2626896982,-29.8257325474,17.7541639772
2000-10-07,16.8175263529,11.2871969106,-30.4560806364,18.6635809296
2000-10-08,16.684522585,11.4518272868,-29.3372696044,19.4699375188
2000-10-09,15.7300006212,10.2447465904,-29.66927002,19.7532087818
2000-10-10,17.236261063,11.1820910893,-29.3884449419,19.6521925068
2000-10-11,17.3907986355,11.1062036204,-28.4536922872,20.0046399808
2000-10-12,17.8198020384,12.9852301136,-28.6453785298,18.6604953019
2000-10-13,17.7043277476,13.187473002,-27.0765148313,18.3888569178
2000-10-14,18.4425756717,12.6523465096,-27.0378404345,18.9641897306
2000-10-15,18.670864366,12.2250738386,-25.905574905,19.1471996652
2000-10-16,18.8267420723,11.8023543672,-27.1312526354,17.7132905693
2000-10-17,19.2751603788,12.6255016351,-27.9229930428,17.6461864306
2000-10-18,19.9490382592,11.8480182901,-27.1483882687,16.437373781
2000-10-19,20.0901238783,12.0559941693,-25.5022034958,17.1388466537
2000-10-20,17.0175437162,12.2554132535,-27.5954834198,17.1843368419
2000-10-21,16.3554451545,12.7919849472,-27.1613063566,18.1621018703
2000-10-22,16.2048699503,13.252363764,-26.9313172548,17.0563381415
2000-10-23,17.1384520996,13.3867292689,-28.0681102457,17.4740207187
2000-10-24,16.8054635623,11.965910905,-25.9221227785,17.4119868514
2000-10-25,16.023023528,10.9828646531,-25.8127064001,17.0904833405
2000-10-26,15.7199100828,11.1024042413,-26.1206297652,17.0175622956
2000-10-27,15.6551664614,10.9923022597,-25.7034080178,15.3733024197
2000-10-28,15.1220828502,9.37290959128,-25.4422472694,15.322064899
2000-10-29,14.9368087503,9.64989166063,-26.2200087493,17.8355047307
2000-10-30,16.2315399787,9.62094009183,-25.0375373279,17.2402972388
2000-10-31,12.8404873965,10.0084697607,-25.2375198119,17.73001242
2000-11-01,12.4477302578,9.88883030342,-23.3998062761,15.7135120376
2000-11-02,12.5295804148,7.94182305724,-24.7381720905,14.2978525776
2000-11-03,11.9088918363,10.0642008679,-23.5118027807,14.6848011968
2000-11-04,11.9302127789,9.62928974645,-24.2934588054,13.4047579234
2000-11-05,12.8379032432,10.2332319464,-25.7411440383,13.0239745747
2000-11-06,13.0025071705,10.6322185459,-26.1932079148,13.4380229468
2000-11-07,13.781738789,10.3479983341,-27.1482557004,13.055262751
2000-11-08,13.7778010092,9.86276387455,-27.8317697659,13.9893779368
2000-11-09,13.7788754338,10.6109297803,-28.8218785039,12.8981716055
2000-11-10,14.5438338171,13.0258236971,-27.3603244244,14.5226348894
2000-11-11,13.9317959534,14.6442530898,-26.6794191343,15.7769335629
2000-11-12,14.0375882586,13.8611437036,-27.544899931,13.8021557265
2000-11-13,14.3329149727,13.9193520275,-26.8644156137,14.0136840131
2000-11-14,14.845536782,14.5498625245,-27.9599788919,13.1031435352
2000-11-15,13.5182990856,14.9089527414,-29.3751721155,13.1401323753
2000-11-16,14.0575021646,14.2059017265,-28.4456634061,12.7704485311
2000-11-17,14.5959266258,15.4309797647,-29.0275006292,13.3475188529
2000-11-18,13.6783333873,13.0499064379,-27.3828546095,11.0004203158
2000-11-19,11.7522135327,12.6260138758,-27.1238842741,10.0086638707
2000-11-20,12.6692159229,14.3711875709,-28.4720993213,9.16527846833
2000-11-21,11.6139706823,13.3950532645,-28.31488315,8.78977102949
2000-11-22,10.9437401941,11.3713361417,-29.734827548,8.25307978793
2000-11-23,9.90513681545,12.2092480799,-28.9461002642,7.77373720718
2000-11-24,9.69835756848,12.737463907,-27.4043785416,8.67528707
2000-11-25,10.4870765905,10.7118855477,-26.3720536759,9.27323655809
2000-11-26,8.74412620222,11.6406430161,-26.0899915764,10.0185370003
2000-11-27,10.6552416213,11.5044731213,-27.828302174,10.7922191778
2000-11-28,12.2257707557,10.3576641332,-28.9319596568,10.1111863068
2000-11-29,11.8651079838,9.76108335131,-28.3479604034,10.4411912345
2000-11-30,11.2668165716,9.089894353,-29.1746749202,11.9362498607
2000-12-01,11.4337514266,9.07183584006,-29.7571042697,11.5694202017
2000-12-02,11.0968725053,9.24460271104,-29.3656655712,11.9622625109
2000-12-03,10.2658055786,8.88838069686,-28.2335420228,12.3844164876
2000-12-04,9.22402018502,8.1760179945,-29.2324131445,13.4621463504
2000-12-05,8.19658439581,11.1024000834,-29.6363032645,14.3353900007
2000-12-06,7.25180752381,11.6962978722,-30.1636011241,14.7749978538
2000-12-07,6.8739211541,12.118436514,-28.999339855,14.6578809067
2000-12-08,5.18873385655,10.9807394725,-30.670473395,15.061719571
2000-12-09,5.05816139949,10.7228204698,-30.5156960794,15.1179726981
2000-12-10,4.36878757221,11.6515292082,-30.3344477542,17.2955517556
2000-12-11,5.36624671361,11.6758464719,-30.5613811976,16.926042088
2000-12-12,5.59491596627,13.3869154421,-30.7752160718,13.6731228678
2000-12-13,6.16979039553,13.5415151161,-29.2585553859,13.2739427855
2000-12-14,7.31945647551,14.7546538279,-30.0044619641,13.5661257281
2000-12-15,8.4797428245,12.1787698794,-30.5410169204,13.9756383934
2000-12-16,8.25296136676,11.7131684315,-31.2580270748,12.7511847514
2000-12-17,8.6245848054,13.0700169231,-29.2889251102,13.1023436735
2000-12-18,8.50338991379,13.2507847781,-29.2250544766,12.6143663018
2000-12-19,9.59329148429,13.5136129919,-29.0978647867,12.9568502437
2000-12-20,10.3542599903,14.4582402313,-29.0489299068,14.174720506
2000-12-21,9.76007400026,15.9713538194,-28.7092291459,13.4003809487
2000-12-22,10.2003110091,18.1116451729,-28.0412395965,12.6401400784
2000-12-23,9.39751857265,18.1800758394,-28.514204823,12.6852259415
2000-12-24,10.3664818841,18.7223318226,-28.79151659,13.3102241732
2000-12-25,10.5458223884,16.1628877472,-29.4179672824,14.3521347341
2000-12-26,9.44693488119,15.7129262406,-30.2827510007,14.2926133674
2000-12-27,9.27094357798,15.6515041178,-30.1856608822,15.9478039668
2000-12-28,9.32565170826,15.6161133175,-29.9540136572,13.9106302221
2000-12-29,9.3743927622,16.752178238,-28.1924065315,13.9756241099
2000-12-30,9.76893626547,15.2647441366,-29.3126054884,16.3780018439
2000-12-31,8.91718846853,15.8202586577,-29.5737248714,19.7270834348
2001-01-01,8.46711887224,15.1298840097,-30.3610625906,21.0861998303
2001-01-02,8.48754881453,15.33861581,-30.0695002902,21.2667960856
2001-01-03,9.90064372836,13.173237307,-31.5466128624,20.4456137771
2001-01-04,8.47913388124,12.9259823416,-31.7368049062,21.5739188482
2001-01-05,8.58667092406,13.1536356651,-32.7723162302,20.8465388856
2001-01-06,8.40305997157,14.3087382564,-33.0772183749,19.5589537077
2001-01-07,7.23152491997,15.0709204564,-33.6214617667,19.8270931923
2001-01-08,7.42055391938,14.0237256967,-32.7354911293,18.5713046456
2001-01-09,9.45745326441,15.3295162015,-34.8715672047,18.2757669448
2001-01-10,9.11455005287,16.8535725956,-34.9156809606,17.354424236
2001-01-11,10.101453775,15.7514353532,-33.5292850199,17.8790309242
2001-01-12,9.57473433903,15.3785766209,-32.287541044,18.5059967188
2001-01-13,9.87575801992,15.3597099792,-32.2348401264,19.0647684802
2001-01-14,9.70894888695,15.4243739458,-32.4614639121,18.1233652279
2001-01-15,9.64302338697,15.4590375469,-31.1824726624,18.5390865304
2001-01-16,9.61806746219,13.9935556232,-30.7033777691,20.1961442006
2001-01-17,9.38818476536,13.0836529674,-29.469771265,19.3679424046
2001-01-18,8.88274437747,13.0822968549,-28.1725535329,21.1387318495
2001-01-19,9.57876487649,13.8838384573,-28.5056488832,22.7144136945
2001-01-20,10.1050439113,14.3115154481,-28.4959934379,23.8004275213
2001-01-21,9.02979192623,14.3548939003,-28.4225169695,23.1712927722
2001-01-22,8.87325912378,15.0331968348,-30.2202336331,25.1656466339
2001-01-23,7.81623990798,12.0738367203,-31.7046877355,23.8516326178
2001-01-24,7.95445772914,11.2953413607,-33.0405248016,23.0467304483
2001-01-25,8.39393889917,10.7082527659,-33.8656389183,22.6563312361
2001-01-26,9.96174686867,10.6419288334,-34.3389537149,22.8250011505
2001-01-27,10.611999107,11.6730099137,-33.7737946865,23.9717209032
2001-01-28,8.4404279856,9.79264548176,-32.4880643618,22.1926093593
2001-01-29,8.73231946527,9.29923321873,-30.9537534937,22.4976893997
2001-01-30,9.55833531609,7.72053807524,-31.2585559071,22.7545535317
2001-01-31,10.3501779567,8.51932329963,-31.9106051775,22.4074308704
2001-02-01,10.8243439326,6.93589905315,-33.2058799221,24.6367577105
2001-02-02,10.1512530252,7.4129748647,-33.9354501461,25.7029132671
2001-02-03,11.4878411677,9.03839992624,-32.841408504,26.7635937639
2001-02-04,11.759881725,9.69057253577,-32.4726175072,26.5774612704
2001-02-05,11.7813897023,9.28873953207,-32.952512324,27.3464906465
2001-02-06,10.3332731443,10.3338770504,-32.9709511442,27.7156530468
2001-02-07,12.0561115056,10.4400090312,-32.8183031755,28.8495325754
2001-02-08,11.877491057,9.71195870515,-32.5336038849,29.9186880111
2001-02-09,13.0471170097,9.07342862658,-33.299545064,31.4592197874
2001-02-10,12.5764965944,9.38502874274,-32.7608493047,29.890411892
2001-02-11,11.2540393299,9.3283237154,-32.4403863711,28.6418200886
2001-02-12,11.1863283196,10.7527335857,-32.7429976381,29.0586365734
2001-02-13,10.5056795867,10.9462425955,-33.8960623928,29.8512346218
2001-02-14,9.57017931907,12.1343352477,-34.5963717839,28.6811475243
2001-02-15,8.34188656351,12.8639454727,-35.2409663933,29.1060436801
2001-02-16,7.71615209337,13.4502860479,-36.781216778,28.4980156508
2001-02-17,8.63224979417,13.2879226687,-36.2625687826,28.8370247319
2001-02-18,8.63057627151,10.517375136,-35.9931782141,29.7143159557
2001-02-19,7.93248843835,9.98511961658,-36.6592752698,29.9039974065
2001-02-20,8.89779477739,11.1534387498,-35.6481607886,30.2341903996
2001-02-21,9.89508580759,10.6324485087,-35.6765320193,29.2173415138
2001-02-22,8.72203491293,10.8380091845,-35.1106273771,29.1532425215
2001-02-23,5.99996440053,11.4665307141,-36.0948369086,29.3919538638
2001-02-24,7.06247372835,11.6625589489,-36.1428681159,29.2448164247
2001-02-25,7.33896832768,13.105168892,-36.1547042855,29.4497491824
2001-02-26,7.3505953598,13.4295097311,-35.770457146,29.0874472239
2001-02-27,6.92336679457,11.4021589991,-36.5330682079,29.6439190263
2001-02-28,6.42408206429,11.3193744177,-35.9667881408,29.2667903728
2001-03-01,7.28203465229,11.4389647612,-33.944350282,28.6084200336
2001-03-02,8.22414674502,11.2970782707,-31.9690727996,27.8325162617
2001-03-03,8.47467692993,11.464773865,-32.4005346743,27.9446026259
2001-03-04,8.62235927748,12.1811397227,-31.5250302306,26.8901806364
2001-03-05,9.44248699927,11.6635544283,-32.1773781366,26.7028161931
2001-03-06,9.85667727611,12.7508155063,-31.0450172083,24.8429481463
2001-03-07,10.0515867499,12.8591510694,-30.407056502,25.414701966
2001-03-08,10.1678278801,13.9329635573,-30.3438003082,26.5172007848
2001-03-09,9.87213850534,14.5182378409,-31.5755579977,26.6805657125
2001-03-10,9.66025450488,13.9718796825,-32.028700046,26.3481900402
2001-03-11,8.82175076804,15.8271382092,-32.4541639906,24.7555349696
2001-03-12,7.80611246647,17.4842580869,-30.8907937615,25.8448977314
2001-03-13,7.47320025508,15.991406038,-31.3858105559,25.4770941068
2001-03-14,5.46753269617,16.5136257076,-30.8177436542,24.2814885882
2001-03-15,4.76300496599,16.724703728,-29.6823890521,24.4352093807
2001-03-16,5.079800594,15.8904517371,-29.2629853974,23.6726040661
2001-03-17,4.57999982292,15.7508542395,-28.7048550242,22.8964835092
2001-03-18,4.03798003667,16.1387677806,-31.0409932402,23.3718953688
2001-03-19,1.61334734918,16.2861738278,-30.950181897,23.5874822619
2001-03-20,3.14840190367,15.1451704799,-32.3517235889,24.8774072168
2001-03-21,3.19513793577,15.9052558613,-33.3788675135,24.2732234062
2001-03-22,4.31251712613,17.1532746354,-31.6814797841,24.9581816272
2001-03-23,4.13597004332,18.3439066555,-33.5269068076,25.8485685295
2001-03-24,5.07789054862,19.2333087237,-34.3673178178,26.9062634683
2001-03-25,6.15715055627,19.5679019721,-33.060077036,25.8153978937
2001-03-26,5.97886967906,18.9956611276,-32.1209671499,27.0192553576
2001-03-27,4.69841590778,19.1656548131,-32.1135416142,27.7390689315
2001-03-28,4.91102001807,19.5037102092,-32.6205755446,27.6180517199
2001-03-29,4.94359453182,19.5121170134,-33.5182957354,27.0035509249
2001-03-30,4.52289430197,19.7090539898,-33.2449024521,27.3554215967
2001-03-31,4.36937732719,20.124700946,-33.0526219765,28.6974010226
2001-04-01,4.99590694194,20.8131221598,-32.8164292888,28.8983022224
2001-04-02,5.43669111035,20.0089668683,-33.0986060089,29.1450859781
2001-04-03,5.8370148598,20.3443993833,-33.0389972603,28.290751864
2001-04-04,5.53681979606,20.374415818,-34.226424455,27.6367531657
2001-04-05,4.53268836002,19.3520307567,-35.1941861495,28.8361208799
2001-04-06,4.74808679058,18.7378851839,-34.811635059,28.2999972704
2001-04-07,3.9240254049,18.7639358578,-35.2619130029,28.3744333413
2001-04-08,4.31234478904,19.3388097142,-36.0114315566,26.6295591172
2001-04-09,5.18292097743,19.1373851581,-33.5469295519,27.1479553453
2001-04-10,4.21599177895,20.1113868171,-32.2193561565,25.9795162753
2001-04-11,5.80576585624,20.1682470869,-32.0468783582,26.7948364545
2001-04-12,7.50479386814,18.8655296903,-30.5337085539,26.7714315338
2001-04-13,8.27161694146,18.7227292667,-32.5134539376,27.4408262305
2001-04-14,8.88278493241,19.7538881226,-31.6148915002,27.6173746934
2001-04-15,10.3551888031,19.7460813645,-30.265778918,28.6971318247
2001-04-16,10.5906253256,18.4151692776,-30.520796034,28.2260269436
2001-04-17,9.90758660829,16.8493197805,-29.9793232792,28.3225962786
2001-04-18,10.4725185807,14.9728626428,-29.8992211119,28.306712252
2001-04-19,10.1565371303,16.3001888463,-30.6841873347,28.1204484017
2001-04-20,11.3228159458,17.5491712362,-31.0790012056,27.519534434
2001-04-21,10.9614500559,16.5520991,-32.5462325503,29.1160836833
2001-04-22,11.2897104709,16.5837166096,-31.9411683249,28.1531676998
2001-04-23,12.6911462012,15.7189406892,-32.3456803224,28.5542226239
2001-04-24,13.4949630202,16.47061158,-32.5452887321,29.4026355734
2001-04-25,16.7362939774,16.9977616654,-33.7020792733,30.2987725973
2001-04-26,17.4787243791,16.378144949,-34.073255041,31.9288015743
2001-04-27,17.5641910198,16.9413313658,-33.4987036691,31.680911151
2001-04-28,17.394674054,18.8350836617,-32.3370652042,32.9521556359
2001-04-29,15.8387879632,18.5647491293,-33.1718813785,32.368803907
2001-04-30,17.2448947693,18.0659635017,-34.1053943608,33.3312830222
2001-05-01,15.5724483253,16.54138149,-36.7154076453,32.0301777831
2001-05-02,15.4160566456,16.7162637118,-38.4763567276,32.9330064955
2001-05-03,16.0863064888,17.8885048955,-39.6440771026,34.5537111356
2001-05-04,16.4800969157,17.8589722408,-39.6498256369,34.0554597406
2001-05-05,16.6993963978,17.1501940903,-39.1118142113,32.2692458174
2001-05-06,16.503292016,17.6988698149,-38.3870647728,30.617275934
2001-05-07,15.3559821877,18.4570394858,-38.1180182219,31.0443496552
2001-05-08,15.2634103112,19.7813934499,-38.0499741096,31.5019736827
2001-05-09,15.7010742548,20.3854137392,-39.4329843574,33.6424394504
2001-05-10,15.9147837193,21.4310901284,-40.3510369082,35.4979401325
2001-05-11,16.0025363995,21.8455735147,-40.173437615,36.4653275024
2001-05-12,15.8812527796,21.4010418358,-40.7680233152,34.979991322
2001-05-13,15.1715519199,21.6922897515,-40.3898593789,35.5785734635
2001-05-14,14.5532765792,22.3017431056,-40.1873367586,34.142688153
2001-05-15,15.2223286824,23.325879613,-39.3822822173,32.6683657687
2001-05-16,13.6266483852,23.2425732059,-38.5784915319,33.3528014804
2001-05-17,14.3275515616,24.2718175853,-38.1950267395,34.5552040404
2001-05-18,14.9540670579,24.31439598,-37.7482703729,37.1136151719
2001-05-19,14.6909587236,23.9681548505,-39.3815449459,36.2703136152
2001-05-20,14.5446334955,22.2531413771,-40.8033015989,38.2152199746
2001-05-21,12.6074263778,24.0220522487,-40.2714648211,39.9128447143
2001-05-22,12.3476431649,25.6284195562,-39.6529720009,39.7820797999
2001-05-23,12.0872090104,25.4820295085,-39.3918898473,40.0956553429
2001-05-24,13.1995172066,25.1964789774,-39.0541151156,40.5167999498
2001-05-25,13.1798410514,25.4069653586,-39.9170374972,40.8750533701
2001-05-26,14.9341964395,25.7778555026,-39.9962569603,40.0440387865
2001-05-27,15.4588914539,24.5510121674,-39.8719302725,40.7343693006
2001-05-28,16.1281169352,26.2237712189,-39.0639184409,40.3921297716
2001-05-29,16.8006146693,24.6955618555,-37.8824666844,40.8315147614
2001-05-30,16.4111399947,25.4483458699,-36.1627155212,41.5668851606
2001-05-31,16.03473174,26.6267907635,-36.7295985101,39.6991227808
2001-06-01,15.6599474069,26.8803103248,-38.2203542312,40.048806041
2001-06-02,15.6378355664,27.083658208,-37.9967171384,37.5852060227
2001-06-03,15.5947479011,27.2718683244,-37.4109162197,37.7655788945
2001-06-04,15.0799512066,26.6860624955,-38.3528694158,37.3208892198
2001-06-05,14.768498238,25.4233031311,-38.6341216499,36.1920049193
2001-06-06,16.0269373814,25.2573044375,-39.0080112274,36.8773370575
2001-06-07,15.6576030739,24.8322382747,-37.7280321911,36.8498032943
2001-06-08,15.3864899939,25.798042157,-38.2160321424,37.8586666439
2001-06-09,16.8006056946,25.8309920074,-38.344572015,37.7651411083
2001-06-10,18.1620312196,24.4200755467,-36.2256942409,39.0093154457
2001-06-11,17.5118787192,27.1081601443,-36.5151788462,39.5162558799
2001-06-12,18.8458597592,27.3353108527,-34.9427667226,40.3845972446
2001-06-13,17.7348605622,28.9202672933,-35.3393664008,40.9118781427
2001-06-14,19.9973185388,28.1629629004,-36.0095377665,42.0284520198
2001-06-15,19.8402661653,27.1419515779,-37.4848333107,42.0224656827
2001-06-16,19.6381881601,27.1824990476,-37.0730949452,41.9042195083
2001-06-17,20.3772419822,28.7342888283,-37.4049567064,42.1472933378
2001-06-18,21.2293228127,29.012062859,-36.7072547066,43.1453846717
2001-06-19,20.6310550321,27.7147152838,-35.8378217043,42.9162983263
2001-06-20,22.8397253518,28.2096351629,-35.1090960164,42.1034857074
2001-06-21,22.1552720987,27.2694211588,-35.1650617063,43.5016210489
2001-06-22,22.3051952429,27.3280303029,-34.1382843947,43.5129384224
2001-06-23,24.5600726737,27.9890889793,-33.7506676807,43.9444011906
2001-06-24,25.4167894466,29.4696758109,-31.2959324655,44.7815582927
2001-06-25,23.8631868462,30.2255903787,-30.6025937718,46.0078986294
2001-06-26,24.5190352568,29.7504301963,-28.0902510498,45.8717193214
2001-06-27,24.2849662526,30.2107971384,-26.8303184604,45.7998189157
2001-06-28,23.6094494437,29.641751052,-24.8642656303,45.5350125402
2001-06-29,23.9794093369,29.7820722957,-24.1053941884,45.922171295
2001-06-30,24.0210162507,31.4480778608,-23.6978692132,47.5344853904
2001-07-01,25.6372688251,30.8852024377,-23.3923283824,45.6740274699
2001-07-02,25.9965940928,30.6498598182,-23.691692329,45.4333212237
2001-07-03,26.117010035,32.7064531886,-22.7348418673,46.0702536693
2001-07-04,25.5490548134,32.4920583146,-22.027609493,47.1124916645
2001-07-05,27.0774410369,32.0240605501,-22.2749848847,47.1374312884
2001-07-06,28.3552612082,32.3739141704,-21.8599460479,45.9012607222
2001-07-07,27.8886725709,32.9755108395,-22.9044486969,45.2594954367
2001-07-08,30.037367405,30.2295387858,-23.8822013988,46.2772068884
2001-07-09,28.4240863038,31.7239894106,-23.891133512,46.1605643188
2001-07-10,27.3661527608,30.1554274432,-24.6477173316,46.9151849546
2001-07-11,27.4852535604,30.6288637562,-24.6194736994,46.8761198158
2001-07-12,27.8402921297,30.2336616041,-25.4346607907,48.487253747
2001-07-13,27.0286084736,30.9776999218,-26.4137838996,48.517869001
2001-07-14,28.7284399252,32.7902177681,-25.3071177017,48.6304943916
2001-07-15,28.7922528401,32.2810738471,-25.2189072843,48.8533652303
2001-07-16,29.5629719776,31.968586261,-26.9104241764,47.5038633674
2001-07-17,29.5169289622,32.9270237619,-24.5632546472,48.0392419475
2001-07-18,29.218245116,32.6755372371,-23.9850722539,48.1850117508
2001-07-19,29.0047112705,32.6459249375,-23.5305797788,48.1938512371
2001-07-20,30.4958241218,33.7857574721,-24.2881859529,48.3879159039
2001-07-21,29.6619613422,33.2901820875,-24.4690377808,47.5672827854
2001-07-22,29.742705498,34.3521299054,-24.0390332413,47.4355098747
2001-07-23,30.1408800968,32.7878320503,-23.6754918889,48.8172559215
2001-07-24,30.5309163739,35.7661562857,-25.7026271764,49.3838331685
2001-07-25,31.2440667142,36.0570341779,-24.1253740449,49.4256677122
2001-07-26,31.0006410887,36.7385360727,-24.2104441022,50.2258438259
2001-07-27,30.8077134291,37.5151521057,-22.7419664319,50.4627998004
2001-07-28,30.842166511,37.2652295398,-21.0112728221,49.4592636394
2001-07-29,30.2207810448,37.7127453868,-20.3465473475,50.8663595332
2001-07-30,31.889607403,39.1302336024,-19.8914061689,50.3136516673
2001-07-31,32.1920485616,39.6306572575,-21.7615609989,50.2731445338
2001-08-01,30.782847656,39.5168255571,-22.2434171959,49.9466337877
2001-08-02,31.8255399862,39.6415555142,-22.0023364023,49.6213522376
2001-08-03,33.4865440671,38.5518480473,-21.234867018,51.1214649104
2001-08-04,33.6483240153,37.3469130791,-21.0899263373,52.1464426444
2001-08-05,33.1993243545,39.4804394239,-21.154861478,51.8055583896
2001-08-06,31.3934140287,39.6603072839,-20.7514614365,51.2946621624
2001-08-07,30.008304523,39.9594162751,-21.6641393459,50.2578861037
2001-08-08,29.7328470469,38.2838037441,-22.8626452552,51.3533009741
2001-08-09,28.4519580076,38.8017968168,-24.2343942271,50.784044635
2001-08-10,27.6135015971,38.3429011906,-23.4033022681,50.7248617943
2001-08-11,26.9170153426,37.6569597015,-24.0346623486,50.8642329596
2001-08-12,27.5177834377,37.8248304849,-25.427818746,50.9987463285
2001-08-13,28.7295311837,38.1828790069,-24.478515455,52.1448819799
2001-08-14,28.4516296781,37.803316758,-23.6504563868,50.5776401442
2001-08-15,28.6361516979,38.4001426555,-23.6236149674,50.8243533388
2001-08-16,28.2563582575,36.8479415561,-25.3946944703,50.0813640569
2001-08-17,28.3415125655,35.5859953211,-25.1732724489,51.2452236007
2001-08-18,29.578191398,34.9769999666,-24.8432453463,50.1712293353
2001-08-19,28.5100015456,35.5919879933,-24.0632296624,50.6828917003
2001-08-20,27.7591007272,35.3500823089,-24.9179038883,50.6883809026
2001-08-21,27.5901056327,34.2363576676,-24.6037436125,49.5426889541
2001-08-22,25.9753226904,34.0365708989,-24.2871507416,48.9179815827
2001-08-23,26.9847564281,34.1516269635,-25.1162670992,47.1405591876
2001-08-24,27.3777337435,35.0349920595,-26.0171077805,46.23684042
2001-08-25,27.5750707703,35.2385521699,-23.5059110257,46.3526646476
2001-08-26,25.8278748438,35.2794786316,-25.3537018779,46.0773267608
2001-08-27,26.3867052942,34.1128829369,-24.6993815912,48.1057886598
2001-08-28,24.985362097,33.6022722489,-24.6596040268,49.1410291495
2001-08-29,25.3206529535,34.3534100916,-23.3391006312,49.6015118831
2001-08-30,25.6223662233,34.8197334395,-24.8636137121,48.7635020954
2001-08-31,24.5765600095,35.3446752936,-26.5627588412,47.7043573474
2001-09-01,25.786261936,36.6644487076,-26.9725485612,46.0116319071
2001-09-02,28.0694606664,35.1725474659,-27.5928628498,46.7439716727
2001-09-03,28.742321525,36.0510122159,-27.5461424655,46.4438707595
2001-09-04,28.2741589433,35.8535074091,-26.0758117013,46.9432033897
2001-09-05,26.7550241845,36.0088563171,-25.2367977679,46.9611653729
2001-09-06,26.147200335,37.5858695336,-26.4293775303,46.2954199157
2001-09-07,26.4059494767,38.261542696,-27.6956069601,45.649681072
2001-09-08,27.3176776345,38.4959257469,-26.2103890409,45.9577735192
2001-09-09,28.6342695557,36.9340079141,-25.6152600249,46.2278364015
2001-09-10,27.5285277266,37.4799525293,-24.143568578,45.1968695741
2001-09-11,26.5264517171,36.770170395,-24.5326872806,46.559698498
2001-09-12,25.6088733624,38.1127451738,-24.4704689211,46.0239561498
2001-09-13,24.4629360485,35.7904518527,-22.6093925304,45.8003320956
2001-09-14,23.9309368106,35.5526019298,-24.4683482806,45.3622932347
2001-09-15,23.7664705259,36.0351085929,-25.6127238186,46.1920867411
2001-09-16,24.7940402767,36.3636031157,-26.1954701805,46.278848361
2001-09-17,25.7428554682,37.1165843376,-24.8614940587,46.7086493521
2001-09-18,26.7324328108,36.9359591331,-24.582116977,45.9509177482
2001-09-19,27.7447967875,37.5349944097,-25.6131459655,45.8516349818
2001-09-20,26.6167914313,37.5669661529,-24.6834783543,45.6717714672
2001-09-21,28.6311172185,37.8895298212,-24.3497186759,44.699801363
2001-09-22,28.9094718622,39.0873180907,-25.098300333,45.9333500274
2001-09-23,27.7340055659,39.9242934987,-25.0224301491,45.2705829054
2001-09-24,26.4858757596,40.7516359562,-23.2399236806,43.2351242768
2001-09-25,28.3229757273,41.1403857838,-23.1842792859,42.616910623
2001-09-26,28.9674734106,38.9099881179,-23.3338673807,42.2219687992
2001-09-27,30.3357581113,40.7157421312,-24.744587535,41.3862700696
2001-09-28,30.7585431533,41.1295455245,-25.6717191555,41.2239914752
2001-09-29,29.7555908443,41.2830710393,-24.9458529928,42.1046014417
2001-09-30,29.1266062812,41.1675813707,-25.7717351958,41.5617897156
2001-10-01,30.6036406659,39.668389976,-26.3587014158,41.795664576
2001-10-02,31.4814169433,39.8886735392,-24.8196743988,41.7011076344
2001-10-03,31.4207222327,40.8084721454,-25.652307109,41.186349892
2001-10-04,30.7188858682,41.1265595829,-24.1699128135,41.1153878145
2001-10-05,31.889680491,41.3023905123,-24.0029109649,40.5569174034
2001-10-06,32.2334472243,40.033625912,-23.8193188747,41.7455607933
2001-10-07,33.016451413,40.558772629,-24.5737962398,41.5735533264
2001-10-08,33.1364674905,39.0227281808,-25.2046665779,41.1334753601
2001-10-09,32.7849165846,38.3150672589,-25.1803310673,40.8945609262
2001-10-10,30.7692086732,37.9845078351,-24.5470040525,41.089951991
2001-10-11,30.8049148735,37.2639132852,-24.5532160899,41.0856286301
2001-10-12,30.8479063982,37.7541146797,-24.6053512339,39.626668588
2001-10-13,33.2917767668,38.2327119147,-25.1431660984,37.4481100851
2001-10-14,34.1526353397,39.3668477269,-24.8763462296,37.37009114
2001-10-15,35.7481189539,41.4001924627,-24.9124767854,35.3272001098
2001-10-16,35.1758480555,40.5656838836,-25.9817080599,36.4433707843
2001-10-17,34.4781349465,38.5103917659,-26.2025587293,36.0120698195
2001-10-18,33.5575547017,36.9221692177,-27.2225569591,35.0140468777
2001-10-19,35.6691873367,37.6129753838,-25.1595581272,34.8266887664
2001-10-20,36.1763189804,38.2240864454,-24.7759447188,34.5796924462
2001-10-21,37.0151022999,38.3651572003,-25.0990375914,34.2627169483
2001-10-22,36.3791302962,37.9172444574,-25.4124368062,36.0054417297
2001-10-23,36.4002203821,38.1512243855,-26.1098787452,36.0846743996
2001-10-24,36.8404362254,39.1489809889,-26.3481127604,37.3876286984
2001-10-25,36.452476942,39.4831897716,-26.8439082473,35.5773068919
2001-10-26,36.6470579482,39.5310703253,-26.2165014254,35.2497004602
2001-10-27,36.3648709638,39.8001117117,-27.0821876728,34.8137380581
2001-10-28,36.8250941748,40.2863954447,-27.747409956,33.800548582
2001-10-29,36.9260765393,40.3805905904,-27.7593685134,33.6822658344
2001-10-30,37.8863557483,41.4501113187,-26.6234799222,34.5016291327
2001-10-31,36.5297212895,41.9049364612,-26.6841155971,33.9197146707
2001-11-01,37.8929980669,42.7944001274,-26.2338326688,34.4379732869
2001-11-02,38.1643270758,42.8651904389,-25.3560274822,35.9802755695
2001-11-03,38.4252459093,43.720747611,-26.667408668,36.3813183172
2001-11-04,36.5435360419,44.6461067459,-26.2696936895,36.1759907991
2001-11-05,36.5931528274,45.8871997821,-25.2708001418,34.6162473229
2001-11-06,36.738282699,46.2341468321,-25.1168340946,34.6708542132
2001-11-07,37.4533904767,44.4798083218,-24.7196732365,35.4760872751
2001-11-08,36.9428740629,44.0998776958,-24.1665465851,36.1646312994
2001-11-09,36.9146062469,45.2639735972,-23.2227615668,35.5975234492
2001-11-10,36.2098915035,45.032022508,-23.6974934413,35.5003146576
2001-11-11,36.3737021368,42.853235675,-25.1670068605,34.9613457218
2001-11-12,36.7570553103,43.2534020325,-24.3950426663,35.4671958123
2001-11-13,35.7388257872,44.8795886734,-23.6903182428,35.438098977
2001-11-14,36.4907249931,45.6911059647,-24.7632546044,34.1952391876
2001-11-15,35.4103295073,45.3046716434,-27.5137164199,35.4395218075
2001-11-16,34.5022029842,44.6946201725,-27.8049850779,34.7147684491
2001-11-17,33.6001596332,44.7954195607,-28.3875695217,34.0573715213
2001-11-18,33.9783416888,45.0228206535,-29.5497690427,33.2507850534
2001-11-19,33.5013639076,45.9496037718,-31.2924597125,34.20035601
2001-11-20,33.7395713579,45.336331547,-30.0644236127,33.9420965849
2001-11-21,33.6887199607,46.7274973381,-28.8720607859,34.570545595
2001-11-22,32.676997249,46.7188315828,-27.914921168,33.6232543542
2001-11-23,32.1474381783,44.2937809536,-28.453091579,35.6231083527
2001-11-24,32.2958012389,44.0783815931,-28.7343585838,37.0417274483
2001-11-25,32.3806607539,45.6337199064,-28.6524150826,36.6525381393
2001-11-26,33.0386718405,45.747938496,-27.5050891015,36.8256355029
2001-11-27,32.6392096412,45.1184062127,-26.0789608369,37.8867287804
2001-11-28,32.7017413797,45.3791526081,-26.7111064409,37.0808002601
2001-11-29,32.9617549432,46.0230494355,-26.3356770455,37.8124349883
2001-11-30,32.3777496232,45.1346490769,-27.0084528554,38.0927077197
2001-12-01,32.2850060308,46.0382402727,-28.2933901388,38.5501179469
2001-12-02,33.3771476463,46.5981168195,-27.6224560951,37.5179133597
2001-12-03,33.288362419,45.736567069,-27.5499047553,38.3783476653
2001-12-04,32.2513490273,45.0476786774,-29.8674821846,36.5545586808
2001-12-05,32.8595137848,44.5546848594,-29.3024958885,36.6631015666
2001-12-06,33.0487924169,44.6757813416,-26.7641558888,35.6523648789
2001-12-07,33.1591319564,45.4179606467,-25.9520669015,35.5666294333
2001-12-08,31.5871219552,46.7702677884,-25.5049620741,34.3018091429
2001-12-09,30.6418283946,48.2030258687,-25.7515596099,35.3570490181
2001-12-10,31.0142955205,46.967962838,-26.3760483943,36.0146338675
2001-12-11,29.9401038445,47.5344646396,-28.6902979614,34.7034943452
2001-12-12,32.2727611263,47.8551777895,-27.4322875471,33.8741588508
2001-12-13,31.4210908075,47.2373835953,-26.092869415,34.0897118493
2001-12-14,31.2782268704,46.8407144599,-25.4155346813,34.933168094
2001-12-15,30.4561398049,45.4025717188,-24.9973335957,33.9459135609
2001-12-16,30.5615142317,44.3810131159,-25.3873350922,33.9625311772
2001-12-17,32.1848985322,43.5162212631,-25.5788278694,34.8902768142
2001-12-18,32.4287125438,44.1452315074,-25.8908137976,35.2362247694
2001-12-19,32.1762841433,43.7181814888,-26.6848913928,34.6107679371
2001-12-20,32.471333166,42.5685834315,-26.4991284861,33.6332160336
2001-12-21,32.220203773,42.9195036008,-25.1271262245,32.2008306588
2001-12-22,32.4206140153,43.133521517,-24.1364570306,32.7814604169
2001-12-23,33.0418852373,43.9482362732,-23.0004899004,33.0394061755
2001-12-24,31.3071436135,44.03400996,-23.7752321003,32.4703023339
2001-12-25,31.9471340619,45.1186446266,-23.2970869179,31.412588981
2001-12-26,31.9150957714,45.0847798906,-22.923499676,30.4193954435
2001-12-27,31.6674387311,46.9814936911,-20.941897164,29.3931481658
2001-12-28,31.8593184538,44.6015364655,-21.1368591516,29.8366156759
2001-12-29,32.0027248947,42.2971688841,-21.5055386289,29.6667706579
2001-12-30,30.7304897912,43.0184186411,-22.6631186619,29.7218458214
2001-12-31,32.0269603385,42.8507596769,-22.1195482679,33.3929494294
2002-01-01,33.0690807235,42.3801701847,-21.856751436,30.9619444302
2002-01-02,35.2614971016,41.0479198595,-20.6880677695,30.7221922545
2002-01-03,34.5547592665,41.50557378,-20.5599888655,32.8529324899
2002-01-04,33.7012336523,42.6648131512,-19.4703714162,33.8379435969
2002-01-05,35.6166343092,42.1238517779,-17.2431886939,34.7323264609
2002-01-06,35.4924266649,42.4422057211,-19.2219545238,34.1531733841
2002-01-07,36.7560588674,43.0486781668,-20.703484942,34.1426997844
2002-01-08,34.7267902856,43.4231427917,-21.0538506333,31.5936370085
2002-01-09,35.0347916257,43.5782069627,-22.6196797475,32.4875087464
2002-01-10,35.6563761257,43.0822439192,-23.1320984568,30.9059447283
2002-01-11,35.4015803813,42.0653202878,-23.0394290841,30.6171212625
2002-01-12,35.8343962313,42.3744006427,-23.6051457541,31.8025575789
2002-01-13,36.4145380613,43.5294824319,-25.6744609869,30.1506318077
2002-01-14,37.9218796538,43.1864230395,-25.4269705099,28.1208434563
2002-01-15,39.6902397646,43.9954179734,-27.6917693123,29.6173586535
2002-01-16,38.872660445,44.2386378819,-28.1566959616,30.6941247443
2002-01-17,40.6901298197,44.4289474892,-27.8482086037,32.2806212109
2002-01-18,40.7564513918,43.2661524695,-25.3084502629,30.0933430661
2002-01-19,40.0193099389,42.8297359111,-23.8031997642,29.2334985209
2002-01-20,40.7287274026,43.2323278282,-24.2277051536,29.6373165786
2002-01-21,41.2101034686,44.4708100087,-24.01714188,29.718717186
2002-01-22,42.6237341467,44.4791798466,-24.1341688782,30.3215257719
2002-01-23,41.5814639193,44.7192366616,-24.3025064641,31.6859225131
2002-01-24,42.4815330292,45.0489873269,-23.3172905067,31.3460602818
2002-01-25,41.3898472171,44.6330491274,-24.9448669698,30.6597770413
2002-01-26,41.1738835759,44.3423491148,-24.3199538904,31.4757899251
2002-01-27,42.5910098737,45.1449124646,-20.7530848839,31.2649862694
2002-01-28,42.5719723002,46.4727386969,-20.4473745966,29.3918174549
2002-01-29,43.0918430008,46.4683497538,-19.2649179953,27.1682406031
2002-01-30,43.1980790674,47.1190551284,-19.7642339406,25.6491923195
2002-01-31,43.8478700185,45.9589872661,-19.7614900136,26.1706687866
2002-02-01,43.2037823938,44.808220736,-19.6258192881,27.2827591855
2002-02-02,45.0250038495,44.6610003461,-20.3742560676,26.896473038
2002-02-03,43.452976547,43.5689416134,-18.6762876542,27.4907091035
2002-02-04,43.4141934086,44.1804200864,-18.2743149565,27.0842555055
2002-02-05,42.7512039508,43.3508779946,-18.0719051877,27.9815828512
2002-02-06,42.5445224985,44.4560990115,-19.2687246873,28.7011795447
2002-02-07,43.5524139449,46.1958498046,-18.6634705436,28.9695744501
2002-02-08,44.1900991051,46.0933971602,-18.9561822087,29.6637586454
2002-02-09,44.6230086422,47.7291908796,-17.7274147942,29.2372888497
2002-02-10,44.5215541396,46.131643652,-17.1766659771,28.7870121296
2002-02-11,45.3947936453,47.827664285,-19.0474515856,28.7457844575
2002-02-12,45.0002241051,46.9328563722,-16.7061842086,29.0649438851
2002-02-13,44.6531257134,46.6786249403,-17.2213521779,26.8949041022
2002-02-14,45.2322323339,47.2997424645,-18.6039164541,26.7426846255
2002-02-15,46.9214953858,48.7637726287,-18.6259445905,27.4550937
2002-02-16,47.4956173478,48.419480471,-16.6716307269,27.4082993362
2002-02-17,45.6571214154,47.5459059065,-16.4918623466,27.896927256
2002-02-18,46.6460597659,48.3798643672,-17.5367799772,28.5996110936
2002-02-19,46.4662916415,48.8204955793,-18.6715594971,29.1392541879
2002-02-20,45.5258468187,48.9195160705,-17.7543364457,29.3353557686
2002-02-21,46.5044304168,50.7948042516,-17.039990166,30.7228087064
2002-02-22,46.5047764093,51.2763614887,-15.894660666,32.5274359344
2002-02-23,45.9810932861,50.9824748386,-17.4095260023,33.3403792748
2002-02-24,47.186255952,52.1742128726,-15.9927093871,33.2601518523
2002-02-25,46.2038227031,51.9580574014,-16.4836995807,32.2056718316
2002-02-26,44.0043805689,54.1667014172,-17.2703606899,33.0934292013
2002-02-27,44.5295206352,53.3156107229,-15.9496768685,31.6061298251
2002-02-28,45.9436082931,53.8844424458,-16.6579474613,30.436686619
2002-03-01,44.8599843854,53.5666586685,-15.3597388841,29.3892220413
2002-03-02,45.0045268451,51.7699974007,-16.2532411255,30.3678133676
2002-03-03,43.921837081,51.1523009299,-15.8647158188,29.3782838029
2002-03-04,45.604485374,52.2169224093,-17.0280680049,29.9582585246
2002-03-05,46.5631451473,53.8022469174,-15.6812046789,28.9312598523
2002-03-06,45.9505084735,54.3375411743,-17.0991125402,29.8456421259
2002-03-07,46.0131655007,52.7013474959,-17.5103467786,31.330296547
2002-03-08,45.6371954748,53.578806474,-18.0425979961,31.6382413825
2002-03-09,45.566652808,54.0960652395,-16.9657344686,32.7281404434
2002-03-10,44.6904034593,54.9133442006,-15.3855623282,33.943525774
2002-03-11,44.7339971651,53.1172610572,-14.3666079,32.1799466801
2002-03-12,44.7304973539,51.7168541442,-15.2556297677,32.2491882098
2002-03-13,44.5045023946,52.4576262764,-15.3451447709,31.5599779633
2002-03-14,46.5251705688,51.738138241,-15.7289457926,31.4190811232
2002-03-15,46.628175528,52.7406196357,-17.1155170681,31.8476862389
2002-03-16,45.7177912828,52.0633679882,-18.2248074968,32.2263260299
2002-03-17,43.9679429629,52.9266553259,-18.2594227093,32.7951605357
2002-03-18,43.6183407988,52.5242796229,-17.4251939887,31.9349564196
2002-03-19,43.7992235202,51.2009524251,-17.3332882132,31.096202203
2002-03-20,45.0050343893,50.3454565033,-15.7802672172,30.6097058235
2002-03-21,43.6873038333,50.6538185815,-15.5273348755,32.2212948401
2002-03-22,44.0668039716,49.6645369097,-15.8369232745,31.3715041066
2002-03-23,43.9599930085,50.9022905128,-15.7981622061,34.2110780702
2002-03-24,43.4773018759,51.1742824602,-15.876364938,34.278717573
2002-03-25,43.7884832073,50.472200308,-15.9874787285,33.0871103295
2002-03-26,42.1230799842,51.6749762934,-14.9633992313,30.6541942957
2002-03-27,43.8780721929,52.7771143239,-15.3568324067,30.6578902795
2002-03-28,44.1502809315,54.0291408455,-15.3775019823,30.3131907825
2002-03-29,42.4345453825,53.8086581285,-14.6199178647,30.7210224887
2002-03-30,41.6992018636,53.6976034897,-15.7840209146,31.3790354842
2002-03-31,40.8062115022,54.1257734241,-15.6497582585,30.2544108616
2002-04-01,40.2276120622,56.0546005233,-14.9980316261,30.7160040933
2002-04-02,40.175202259,55.9877240432,-15.346281433,31.2260498004
2002-04-03,39.4572308592,58.9851204522,-14.7091894561,33.0990715831
2002-04-04,39.0407692066,59.2783070391,-14.879306076,33.447507405
2002-04-05,40.416383689,59.1486218133,-13.2839018816,34.2233477583
2002-04-06,40.4713426378,59.6858180258,-13.3491893757,34.4605640397
2002-04-07,41.3845282044,59.6984026997,-14.3013989892,34.4724614158
2002-04-08,40.251830611,60.7239118518,-16.0437751474,34.5383823919
2002-04-09,39.573129321,62.0907333902,-14.2434643592,35.210156364
2002-04-10,38.1666031743,62.5006850932,-14.7009611887,34.6875065554
2002-04-11,37.906606959,60.7431454753,-12.3484699999,32.7530880723
2002-04-12,37.6239764192,59.6974185183,-12.2773742959,32.4570225808
2002-04-13,37.872451035,60.5090117805,-11.627730361,32.3936800387
2002-04-14,38.4462482367,59.3196282129,-11.6474375939,30.5726568938
2002-04-15,38.4908241076,58.3197786554,-11.5891536114,31.175726025
2002-04-16,37.9849927878,57.2417227625,-10.166149484,30.9035164423
2002-04-17,38.3870869116,55.7783789446,-10.1850274485,29.8342009506
2002-04-18,38.873710549,56.9608693416,-9.34204294557,30.9074080268
2002-04-19,38.010953042,56.8938926446,-10.4593222344,30.2930622971
2002-04-20,39.7693352166,57.1174377921,-11.0116330753,31.1848709071
2002-04-21,38.5014711645,57.967166591,-10.5454064725,32.0513130805
2002-04-22,37.8659704572,57.5553985477,-11.9786457665,32.0439841536
2002-04-23,36.4129816364,58.2941586724,-12.7218952083,32.0542216326
2002-04-24,38.2807587666,57.6000097953,-11.7084989056,33.6651216414
2002-04-25,39.0529474262,56.5946163312,-11.2772099352,33.5433541685
2002-04-26,38.7465865034,56.6038420013,-12.9708366008,32.89510906
2002-04-27,39.350415392,58.2237169038,-11.7047131188,33.8871998758
2002-04-28,39.1699486749,56.6021545507,-11.0935671049,31.6024309956
2002-04-29,40.6063174596,57.5377738581,-12.1781988134,31.3542449013
2002-04-30,41.5681908879,58.3915118805,-12.0628540519,31.2223550027
2002-05-01,41.9568592426,58.1510385559,-14.2550169127,33.379725551
2002-05-02,41.7816253452,59.0387150646,-14.1521916117,34.1042502752
2002-05-03,41.0001211878,56.8456346099,-15.683360129,34.7719734163
2002-05-04,42.3400703824,57.0755896827,-16.6516114382,35.7938958306
2002-05-05,43.991731371,55.8610349076,-17.1842140604,35.2177428193
2002-05-06,44.4228571376,57.0827760388,-16.2126250131,36.2850129545
2002-05-07,43.3114654664,58.5251663187,-15.4160608594,37.3270425717
2002-05-08,44.0940456011,57.5105336884,-14.8161981458,36.4416909765
2002-05-09,43.8329689094,57.5774262875,-14.8055642583,34.5227573669
2002-05-10,43.915073526,56.8752706825,-15.9868909205,35.4434118681
2002-05-11,44.9632132802,56.3551205367,-17.7462830123,35.5815112574
2002-05-12,44.4575950936,55.5971572772,-18.8397037618,35.0757436942
2002-05-13,44.6228202602,56.545289068,-18.6198698647,36.4664524851
2002-05-14,46.832739869,57.1602754191,-19.301089787,36.892397856
2002-05-15,45.7954545652,57.702080589,-18.7563911102,36.4246532026
2002-05-16,47.0215003239,56.9010991853,-17.5793789943,35.9454285414
2002-05-17,46.9043473632,56.5705357372,-19.6558449259,36.7270606768
2002-05-18,46.664145348,56.2004656354,-19.8213189256,37.6636140019
2002-05-19,47.4077250784,57.1195464382,-20.8229474794,36.8728693872
2002-05-20,47.6388434229,57.3778459943,-21.1383471438,36.5351664151
2002-05-21,47.3169234536,59.3342219402,-20.8390941599,35.0315688312
2002-05-22,46.6900607393,59.9464246792,-21.6363330372,35.1518908874
2002-05-23,46.7854749086,58.9292631967,-19.6070599325,34.0023281873
2002-05-24,46.3574663452,58.928331648,-19.4533535868,36.4342093429
2002-05-25,46.0506105513,58.9591321032,-18.9858163002,35.6895089947
2002-05-26,45.3923178202,59.0916942402,-18.1191855677,35.7250395106
2002-05-27,44.399399675,58.024062489,-19.2331705466,35.9874710057
2002-05-28,45.0224069161,58.1780218503,-20.226583422,33.9371457602
2002-05-29,43.9869254156,57.3933609938,-20.7120405714,33.8734400517
2002-05-30,44.1601789583,58.3394303249,-21.0558464137,33.8067044318
2002-05-31,44.8167740466,60.3456607326,-19.6743999066,34.9075103506
2002-06-01,43.8205308871,60.4499760035,-18.8217545611,34.0584264019
2002-06-02,45.7670434376,62.0132349415,-19.3600153479,32.3625738386
2002-06-03,44.6339505302,62.1801825483,-20.1507832371,34.0020575161
2002-06-04,45.2100762138,61.4677384654,-21.504776642,31.6022649381
2002-06-05,46.7889423316,60.8146884302,-21.8729739471,32.2701242161
2002-06-06,45.6104931607,59.5651970363,-22.5999718524,32.6063485856
2002-06-07,46.6600112523,59.8764303832,-24.4825623558,33.2910836431
2002-06-08,46.3424867586,58.7069254453,-22.3480367695,33.1061777802
2002-06-09,45.4921763702,56.70707137,-21.262801929,32.4997966546
2002-06-10,45.140062047,57.9558810246,-20.4352783871,32.77646545
2002-06-11,45.7487566245,57.5537731215,-21.0478316597,32.9615294512
2002-06-12,46.9775898336,58.2908390651,-20.1882882377,34.0561975418
2002-06-13,46.7323059417,57.6931218621,-20.7726149797,35.2582885777
2002-06-14,47.7094565411,57.2407260912,-20.6776585959,34.0736162599
2002-06-15,47.2211874216,56.6451041099,-20.1276277397,32.8191863359
2002-06-16,46.2612874032,57.1466483578,-19.550025568,32.1885433381
2002-06-17,46.0010533663,56.034648607,-19.9578103269,31.9654548887
2002-06-18,44.9565266104,57.2533109361,-20.8373918141,32.0781125685
2002-06-19,45.9000663944,56.6913367397,-19.3519226788,31.6094398011
2002-06-20,44.9716279495,55.5625349904,-19.1802900977,30.155808143
2002-06-21,44.67457777,57.2915084524,-19.4533758022,29.1611432898
2002-06-22,45.0226096176,58.8470375808,-19.1598715683,29.6779686908
2002-06-23,44.2688542099,60.8456246699,-20.7350280488,28.4354145949
2002-06-24,44.9888252767,60.4963048838,-20.5988246685,25.7281404277
2002-06-25,45.4054431477,62.1796038849,-17.4071734506,26.2849013038
2002-06-26,45.664495244,61.8900569045,-17.7620739238,26.363537974
2002-06-27,46.2785481641,62.4517193428,-18.8286195662,24.9066812073
2002-06-28,45.8761943672,63.2843517744,-19.6250074835,24.9518335386
2002-06-29,46.4240024163,59.7409368476,-20.2706859865,23.420279684
2002-06-30,46.9728175838,60.2578719289,-19.8924760042,23.6800425066
2002-07-01,45.0661128772,60.8652665955,-20.8589412678,23.1033069898
2002-07-02,45.6970600549,61.0125057894,-21.3708659329,23.1757955882
2002-07-03,45.9024489873,63.0173415968,-20.6711850627,21.8864451267
2002-07-04,45.6621202626,62.859085796,-20.6299523945,21.4092653466
2002-07-05,46.695281936,63.6460921534,-21.8436496475,19.5633571233
2002-07-06,45.7660324518,63.0613163861,-22.6757816487,17.6929865352
2002-07-07,45.7372809806,62.79335234,-22.3919519179,18.9326206466
2002-07-08,44.6473812786,61.6895396475,-21.8707168671,19.8658572849
2002-07-09,43.9893488887,62.7620363181,-21.5363363326,18.4564247386
2002-07-10,43.3108388996,62.8718674879,-22.2954608091,17.013429938
2002-07-11,44.3297800003,63.7831625346,-23.1827671499,14.6968084839
2002-07-12,42.8687340393,64.1115170634,-22.3665201809,14.2788895499
2002-07-13,43.7479688479,63.8496309775,-23.0254002523,14.2237809552
2002-07-14,45.0252597759,63.6124318046,-23.6253268488,12.5315651855
2002-07-15,44.8892237317,62.9566598824,-24.6025527298,10.1133723981
2002-07-16,43.7420076292,64.0893323509,-22.9001804999,9.53543558079
2002-07-17,42.2202224858,64.6103892926,-21.6259918394,10.9158627105
2002-07-18,42.1381675033,63.5559389404,-22.426974374,11.6767834014
2002-07-19,42.3437681678,64.0846790386,-22.8700631527,10.1894707381
2002-07-20,43.7848405212,63.5379126845,-24.8826597661,9.25128018756
2002-07-21,44.109782115,65.6697984847,-24.7139587553,7.40448747972
2002-07-22,44.6047197684,63.6676417379,-24.0501524618,6.19733543772
2002-07-23,43.5191516863,63.6614175212,-24.3985406635,5.48542123288
2002-07-24,42.4809868302,63.5804254411,-25.1161379732,4.37481447084
2002-07-25,41.8285860962,62.7882542851,-26.719923734,4.49539681269
2002-07-26,40.2511753651,61.6317709159,-26.0885148571,5.03434869877
2002-07-27,40.6324462886,61.9161980849,-26.4269659062,6.59785780378
2002-07-28,40.7201464986,62.8539777994,-26.9734289679,6.42055256748
2002-07-29,40.7841278948,63.1636433781,-26.4457563518,4.72873401505
2002-07-30,41.1732108291,63.704563282,-25.8313969824,3.67893981449
2002-07-31,39.3731260272,63.9435367743,-25.0444041807,4.63427086406
2002-08-01,38.8219609252,63.1143092088,-25.2637903643,3.76816233231
2002-08-02,38.2640471956,64.3030369706,-25.0085538587,2.50301165355
2002-08-03,38.2677154625,63.3242083602,-24.3111410502,3.57361257669
2002-08-04,38.6571232086,63.1816590053,-24.0697681585,3.86142935443
2002-08-05,37.4246764289,63.4281531833,-23.6227744703,1.42244513486
2002-08-06,38.0345242551,63.3704962421,-23.603355624,1.65252701895
2002-08-07,38.8302593716,64.2988148518,-22.9996925339,1.84735943777
2002-08-08,41.0995985913,65.686316102,-23.1858018514,0.747406261293
2002-08-09,42.2316764772,65.7593527434,-22.6866527634,-0.669852471187
2002-08-10,42.714643734,65.8654212861,-23.4159390047,0.808275485766
2002-08-11,43.8420008201,65.4094154557,-22.2448808552,1.2291528884
2002-08-12,42.6717305882,65.0366121996,-23.0632070783,0.630570947925
2002-08-13,42.4977518493,66.6795922564,-20.9265145623,0.533477067362
2002-08-14,44.1189287918,67.3325435931,-21.6995228775,-0.176729920972
2002-08-15,45.5070777547,67.758006675,-22.4108377052,1.14783538688
2002-08-16,44.9086880348,69.8305920969,-22.4912186676,0.561026691736
2002-08-17,44.5305691058,69.0975673368,-22.4416928184,-0.733104947483
2002-08-18,43.9962522685,68.9119507647,-22.7251499129,0.614184530971
2002-08-19,42.412256762,68.8524763494,-23.1730217316,-0.257864629366
2002-08-20,42.2777569322,68.1404713286,-23.2963538251,1.1275408191
2002-08-21,43.1837846393,68.5266633409,-24.5017186697,0.794724433632
2002-08-22,43.9951572368,68.8652298042,-25.0436137395,1.19233586723
2002-08-23,45.6638833781,67.9887492288,-25.1736692596,-2.11659522442
2002-08-24,46.1677336161,66.6554578903,-23.5816327796,-2.12091576877
2002-08-25,46.54522769,67.4797085213,-24.8688806615,-2.87354542152
2002-08-26,46.1814185989,66.2668878338,-25.0408803336,-4.2404925473
2002-08-27,47.5687253545,68.0640403362,-26.0644426449,-3.38981509073
2002-08-28,49.2662626912,67.6608171474,-25.4381301499,-3.19556415542
2002-08-29,48.453412133,68.2670109157,-26.6408137831,-3.53810194297
2002-08-30,47.5488129736,69.6095482234,-28.1949273697,-3.32579733578
2002-08-31,47.6432372541,69.0685144327,-27.0097847325,-2.5615905184
2002-09-01,48.4149086002,70.2535603855,-26.7373397216,-2.74906778936
2002-09-02,47.6976778951,71.0838946691,-26.1823349892,-1.91010724801
2002-09-03,46.398804208,72.4586534807,-26.0545432004,-1.2062558469
2002-09-04,47.82295748,74.6340144157,-25.8901746024,-1.67434769211
2002-09-05,48.4581957255,74.6238124921,-26.3234806352,-3.28666009558
2002-09-06,49.3042337482,73.6271484269,-27.4975774217,-4.74268120913
2002-09-07,52.1458149832,71.5623665895,-26.9378429929,-4.36941913346
2002-09-08,52.4490308217,70.6216948582,-27.0378927164,-4.64125850459
2002-09-09,51.9727002082,70.5198351448,-26.2458699241,-6.96618237854
2002-09-10,50.4468933485,70.0596962438,-26.0161841762,-7.11661160351
2002-09-11,49.3053635254,70.0424316503,-27.085329813,-6.3424807069
2002-09-12,48.6164266811,71.042692601,-27.5611729867,-5.74248139526
2002-09-13,49.755368939,70.8490086246,-26.9713970155,-7.03567521155
2002-09-14,50.4717144873,70.5763830944,-27.535934702,-7.98698434673
2002-09-15,50.1524192804,70.9946394265,-25.0250784147,-8.36003380627
2002-09-16,50.4190754466,69.8392481238,-25.5061608976,-9.18366228914
2002-09-17,51.2041314563,68.0662986878,-24.6958891025,-9.67390761969
2002-09-18,52.4713895641,67.4233290114,-25.7344185612,-10.0237138453
2002-09-19,51.8090710119,67.1754670944,-26.9350447376,-9.56028800218
2002-09-20,50.893395585,67.8960374617,-29.1939066154,-8.26973804423
2002-09-21,50.3585229299,67.7652532488,-29.4948351239,-8.70549595636
2002-09-22,51.0716695339,69.1020686849,-29.0161228762,-8.67454530918
2002-09-23,49.702269179,71.6802723461,-29.2950886465,-6.72184981436
2002-09-24,50.9647827621,71.2938707318,-27.1151633437,-6.74474854378
2002-09-25,50.2524015441,70.1327027569,-26.109420618,-8.25883195218
2002-09-26,49.8270548812,69.0281283744,-25.4335930996,-7.86724097085
